Minutes, Torq (N-m),Km/h,Watts,Km,Cadence,Hrate,ID
0.021,4.519,17.545,66,0.006,-1,-1,0
0.042,4.18,17.885,62,0.013,-1,-1,0
0.063,5.536,18.608,86,0.021,81,-1,0
0.084,4.18,19.115,67,0.027,81,-1,0
0.105,4.519,19.265,72,0.034,81,-1,0
0.126,4.632,19.164,74,0.04,82,-1,0
0.147,4.067,19.065,65,0.046,81,-1,0
0.168,4.858,18.87,76,0.052,81,-1,0
0.189,4.519,19.341,73,0.061,82,-1,0
0.21,4.858,19.703,80,0.067,83,-1,0
0.231,4.18,19.703,69,0.073,84,-1,0
0.252,5.197,19.572,85,0.082,84,-1,0
0.273,4.293,19.862,71,0.088,85,-1,0
0.294,5.197,19.624,85,0.094,85,-1,0
0.315,3.728,20.44,63,0.103,86,-1,0
0.336,4.406,18.943,70,0.109,84,-1,0
0.357,4.519,19.041,72,0.115,81,-1,0
0.378,4.971,18.943,78,0.122,81,-1,0
0.399,4.519,19.366,73,0.128,82,-1,0
0.42,4.519,19.214,72,0.136,82,-1,0
0.441,4.519,18.992,71,0.143,81,-1,0
0.462,5.197,19.624,85,0.149,82,-1,0
0.483,4.293,19.598,70,0.155,84,-1,0
0.504,4.632,19.468,75,0.161,83,-1,0
0.525,4.519,19.09,72,0.17,82,-1,0
0.546,4.519,19.14,72,0.176,82,-1,0
0.567,4.519,18.992,71,0.182,81,-1,0
0.588,4.519,18.943,71,0.189,81,-1,0
0.609,4.519,19.016,72,0.195,81,-1,0
0.63,4.18,18.774,65,0.201,80,-1,0
0.651,4.519,18.655,70,0.21,80,-1,0
0.672,4.406,18.33,67,0.216,80,-1,0
0.693,4.18,18.353,64,0.222,79,-1,0
0.714,4.519,18.172,68,0.228,78,-1,0
0.735,4.406,18.33,67,0.235,78,-1,0
0.756,4.519,18.127,68,0.241,78,-1,0
0.777,4.406,18.774,69,0.247,80,-1,0
0.798,4.519,18.538,70,0.254,80,-1,0
0.819,4.406,18.561,68,0.26,80,-1,0
0.84,4.519,18.87,71,0.266,80,-1,0
0.861,4.519,18.87,71,0.275,80,-1,0
0.882,4.406,18.822,69,0.281,80,-1,0
0.903,4.18,18.846,66,0.287,80,-1,0
0.924,4.406,18.262,67,0.293,79,-1,0
0.945,4.18,18.422,64,0.3,79,-1,0
0.966,4.18,18.239,63,0.306,78,-1,0
0.987,4.293,17.929,64,0.312,78,-1,0
1.008,4.293,18.239,65,0.319,78,-1,0
1.029,3.841,18.15,58,0.325,78,-1,0
1.05,4.519,17.907,67,0.331,77,-1,0
1.071,4.519,18.15,68,0.337,77,-1,0
1.092,4.406,18.217,67,0.344,78,-1,0
1.113,4.18,18.655,65,0.35,79,-1,0
1.134,4.632,18.608,72,0.356,80,-1,0
1.155,4.18,18.608,65,0.363,80,-1,0
1.176,4.519,18.584,70,0.371,80,-1,0
1.197,4.632,19.065,74,0.377,80,-1,0
1.218,4.18,19.214,67,0.384,82,-1,0
1.239,4.745,19.14,76,0.39,82,-1,0
1.26,3.841,19.214,61,0.396,82,-1,0
1.281,4.632,18.846,73,0.405,81,-1,0
1.302,4.519,19.24,72,0.411,82,-1,0
1.323,4.18,19.115,67,0.417,82,-1,0
1.344,4.18,18.584,65,0.423,80,-1,0
1.365,4.293,18.608,67,0.43,80,-1,0
1.386,4.519,18.846,71,0.436,80,-1,0
1.407,4.406,18.822,69,0.442,80,-1,0
1.428,4.519,19.14,72,0.451,81,-1,0
1.449,4.745,19.391,77,0.457,83,-1,0
1.47,4.067,19.366,66,0.463,83,-1,0
1.491,4.519,19.115,72,0.47,82,-1,0
1.512,3.954,19.065,63,0.478,81,-1,0
1.533,5.988,19.835,99,0.484,85,-1,0
1.554,4.067,21.266,72,0.49,88,-1,0
1.575,4.18,20.497,71,0.499,83,-1,0
1.596,6.214,20.469,106,0.505,76,-1,0
1.617,5.197,22.534,98,0.514,75,-1,0
1.638,5.197,22.884,99,0.522,79,-1,0
1.659,4.858,23.282,94,0.53,80,-1,0
1.68,4.858,23.136,94,0.539,80,-1,0
1.701,5.197,23.393,101,0.547,80,-1,0
1.722,4.067,22.991,78,0.553,80,-1,0
1.743,4.745,22.5,89,0.562,79,-1,0
1.764,5.197,22.466,97,0.57,78,-1,0
1.785,4.632,22.673,87,0.578,79,-1,0
1.806,4.632,22.432,87,0.585,78,-1,0
1.827,4.971,22.673,94,0.593,78,-1,0
1.848,4.632,22.604,87,0.602,78,-1,0
1.869,4.406,22.195,81,0.61,78,-1,0
1.89,4.519,21.866,82,0.616,76,-1,0
1.911,5.197,22.029,95,0.625,76,-1,0
1.932,4.858,22.397,91,0.633,77,-1,0
1.953,4.519,22.33,84,0.641,78,-1,0
1.974,4.519,22.262,84,0.648,77,-1,0
1.995,4.519,22.095,83,0.656,77,228,0
2.016,4.858,21.963,89,0.664,76,228,0
2.037,4.632,21.931,85,0.671,76,228,0
2.058,4.519,22.095,83,0.679,76,228,0
2.079,4.519,22.095,83,0.687,76,-1,0
2.1,5.197,22.128,96,0.694,77,-1,0
2.121,4.971,22.92,95,0.702,78,-1,0
2.142,4.406,23.319,86,0.711,80,-1,0
2.163,4.971,22.884,95,0.719,80,-1,0
2.184,4.745,23.1,91,0.727,80,-1,0
2.205,4.858,23.245,94,0.736,80,-1,0
2.226,5.423,23.505,106,0.744,81,-1,0
2.247,4.18,23.732,83,0.752,82,-1,0
2.268,5.197,22.956,99,0.759,81,-1,0
2.289,4.632,23.732,92,0.767,81,-1,0
2.31,4.745,23.732,94,0.776,82,-1,0
2.331,4.858,23.505,95,0.784,81,-1,0
2.352,4.519,23.467,88,0.792,81,-1,0
2.373,4.745,23.063,91,0.801,80,-1,0
2.394,4.632,23.356,90,0.809,80,-1,0
2.415,4.519,23.505,88,0.817,80,-1,0
2.436,5.762,23.1,111,0.826,76,-1,0
2.457,5.536,25.149,116,0.834,75,-1,0
2.478,5.197,25.586,111,0.843,78,-1,0
2.499,5.084,26.038,110,0.853,80,-1,0
2.52,5.875,26.942,132,0.861,80,-1,0
2.541,5.649,27.241,128,0.872,82,-1,0
2.562,4.858,27.393,111,0.88,84,-1,0
2.583,4.858,27.241,110,0.891,83,-1,0
2.604,5.31,27.091,120,0.899,83,-1,0
2.625,5.197,27.041,117,0.91,82,-1,0
2.646,5.31,27.292,121,0.918,83,-1,0
2.667,4.745,27.041,107,0.929,83,-1,0
2.688,5.649,27.241,128,0.937,83,-1,0
2.709,4.858,27.292,110,0.947,83,-1,0
2.73,5.423,27.091,122,0.958,83,-1,0
2.751,4.519,26.893,101,0.966,82,-1,0
2.772,5.31,26.602,118,0.975,81,-1,0
2.793,4.971,26.65,110,0.985,81,-1,0
2.814,5.197,26.747,116,0.994,81,-1,0
2.835,5.197,26.698,116,1.004,81,-1,0
2.856,4.519,26.698,100,1.012,81,-1,0
2.877,5.536,26.459,122,1.023,81,-1,0
2.898,4.519,26.364,99,1.031,80,-1,0
2.919,4.971,26.038,108,1.04,80,-1,0
2.94,4.971,25.675,106,1.05,79,-1,0
2.961,5.084,25.946,110,1.058,79,-1,0
2.982,5.762,26.747,128,1.069,80,-1,0
3.003,4.971,27.191,113,1.077,82,-1,0
3.024,5.536,27.393,126,1.088,84,-1,0
3.045,4.858,27.702,112,1.096,84,-1,0
3.066,5.31,27.342,121,1.107,84,-1,0
3.087,4.858,27.191,110,1.115,83,-1,0
3.108,5.197,27.342,118,1.126,83,-1,0
3.129,4.858,27.041,109,1.134,83,-1,0
3.15,5.536,27.292,126,1.144,83,-1,0
3.171,5.084,27.495,116,1.155,84,-1,0
3.192,5.31,27.393,121,1.163,84,-1,0
3.213,4.858,27.495,111,1.174,84,-1,0
3.234,5.536,27.702,128,1.182,84,-1,0
3.255,4.858,27.807,112,1.193,85,-1,0
3.276,5.31,27.598,122,1.203,84,-1,0
3.297,4.971,27.65,114,1.211,84,-1,0
3.318,5.197,27.702,120,1.222,85,-1,0
3.339,5.197,27.702,120,1.232,85,-1,0
3.36,4.406,27.754,102,1.241,85,-1,0
3.381,4.745,26.65,105,1.251,82,-1,0
3.402,3.051,24.727,63,1.26,82,-1,0
3.423,6.327,24.686,130,1.268,70,-1,0
3.444,5.649,26.317,124,1.276,65,-1,0
3.465,5.31,27.292,121,1.287,69,-1,0
3.486,5.762,28.071,135,1.297,70,-1,0
3.507,5.536,28.561,132,1.306,72,-1,0
3.528,6.327,29.416,155,1.316,74,-1,0
3.549,5.762,30.015,144,1.327,76,-1,0
3.57,5.31,30.077,133,1.337,77,-1,0
3.591,5.31,30.015,133,1.348,76,-1,0
3.61199,5.536,30.138,139,1.358,76,-1,0
3.63299,5.875,30.077,147,1.369,77,-1,0
3.65399,5.536,30.077,139,1.379,77,-1,0
3.67499,4.971,30.138,125,1.39,77,-1,0
3.69599,5.423,29.894,135,1.4,76,-1,0
3.71699,5.536,29.954,138,1.411,76,-1,0
3.73799,5.988,30.138,150,1.423,76,-1,0
3.75899,5.084,30.138,128,1.434,77,-1,0
3.77999,4.971,29.894,124,1.444,76,-1,0
3.80099,5.988,29.773,148,1.455,76,-1,0
3.82199,5.536,30.324,140,1.465,77,-1,0
3.84299,5.423,29.954,135,1.476,77,-1,0
3.86399,4.745,29.833,118,1.486,76,-1,0
3.88499,5.649,29.299,138,1.494,75,-1,0
3.90599,6.327,30.639,161,1.507,76,-1,0
3.92699,5.649,31.158,147,1.518,79,-1,0
3.94799,4.971,30.767,127,1.528,79,-1,0
3.96899,5.197,30.639,133,1.538,78,-1,0
3.98999,5.536,30.262,140,1.549,78,-1,0
4.01099,5.536,30.449,140,1.559,78,-1,0
4.03199,4.858,30.262,122,1.57,77,-1,0
4.05299,5.649,30.387,143,1.58,77,-1,0
4.07399,5.875,30.576,150,1.591,78,-1,0
4.09499,5.536,30.896,142,1.603,78,-1,0
4.11599,5.423,31.29,141,1.614,80,-1,0
4.13699,5.988,31.356,156,1.624,80,-1,0
4.15799,5.423,31.49,142,1.635,80,-1,0
4.17899,5.423,31.49,142,1.647,80,-1,0
4.19999,6.101,31.423,160,1.658,80,-1,0
4.22099,5.084,31.423,133,1.668,80,-1,0
4.24199,5.649,31.423,148,1.679,80,-1,0
4.26299,5.649,31.29,147,1.691,80,-1,0
4.28399,5.423,31.29,141,1.702,80,-1,0
4.30499,6.327,31.762,167,1.712,80,-1,0
4.32599,5.649,32.108,151,1.723,81,-1,0
4.34699,5.875,31.969,156,1.735,81,-1,0
4.36799,5.988,31.969,159,1.746,81,-1,0
4.38899,5.197,32.038,139,1.756,81,-1,0
4.40999,6.327,32.108,169,1.769,81,-1,0
4.43099,5.31,32.319,143,1.78,82,-1,0
4.45199,5.988,32.248,161,1.792,82,-1,0
4.47299,5.423,32.248,146,1.803,82,-1,0
4.49399,5.988,32.038,160,1.813,82,-1,0
4.51499,5.31,31.969,141,1.826,81,-1,0
4.53599,5.31,31.626,140,1.836,80,-1,0
4.55699,5.988,31.626,158,1.847,80,-1,0
4.57799,5.197,31.558,137,1.857,80,-1,0
4.59899,5.762,31.356,150,1.87,80,-1,0
4.61999,5.875,31.558,154,1.88,80,-1,0
4.64099,5.197,31.49,136,1.891,80,-1,0
4.66199,5.649,31.356,148,1.901,80,-1,0
4.68299,5.31,30.896,137,1.914,80,-1,0
4.70399,5.084,30.703,130,1.924,79,-1,0
4.72499,5.649,30.639,144,1.935,78,-1,0
4.74599,6.327,31.158,164,1.945,79,-1,0
4.76699,5.197,31.49,136,1.956,80,-1,0
4.78799,5.988,31.49,157,1.968,80,-1,0
4.80899,5.649,31.558,148,1.979,80,-1,0
4.82999,5.423,31.423,142,1.989,80,-1,0
4.85099,5.988,31.49,157,2,80,-1,0
4.87199,4.858,31.29,127,2.012,80,-1,0
4.89299,6.327,31.356,165,2.023,80,-1,0
4.91399,5.762,31.356,150,2.033,80,-1,0
4.93499,5.197,31.224,135,2.044,80,-1,0
4.95599,5.536,31.158,144,2.054,80,-1,0
4.97699,5.762,31.026,149,2.067,79,-1,0
4.99799,5.31,31.423,139,2.077,80,-1,0
5.01899,5.536,31.026,143,2.088,80,-1,0
5.03999,5.536,30.961,143,2.098,80,-1,0
5.06099,5.084,30.767,130,2.109,78,-1,0
5.08199,5.762,30.767,148,2.121,78,-1,0
5.10299,5.988,31.092,155,2.132,79,-1,0
5.12399,5.536,31.356,145,2.142,80,-1,0
5.14499,5.423,31.092,140,2.153,80,-1,0
5.16599,6.327,31.026,163,2.163,80,-1,0
5.18699,5.423,31.49,142,2.176,80,-1,0
5.20799,5.536,31.026,143,2.186,80,-1,0
5.22899,5.649,30.896,145,2.197,79,-1,0
5.24999,5.084,30.703,130,2.207,78,-1,0
5.27099,5.423,30.576,138,2.218,78,-1,0
5.29199,5.649,30.576,144,2.228,78,-1,0
5.31299,5.536,30.512,141,2.239,78,-1,0
5.33399,5.084,30.639,130,2.249,78,-1,0
5.35499,5.649,30.512,144,2.262,78,-1,0
5.37599,5.988,30.639,153,2.272,78,-1,0
5.39699,5.536,30.896,142,2.283,78,-1,0
5.41799,5.197,30.896,134,2.293,79,-1,0
5.43899,5.649,30.639,144,2.304,79,-1,0
5.45999,5.31,30.2,134,2.314,78,-1,0
5.48099,5.536,30.639,141,2.324,78,-1,0
5.50199,5.762,30.961,149,2.335,79,-1,0
5.52299,6.327,31.158,164,2.348,79,-1,0
5.54399,5.31,31.29,138,2.358,80,-1,0
5.56499,6.327,31.29,165,2.368,80,-1,0
5.58599,5.536,31.356,145,2.379,80,-1,0
5.60699,5.197,30.703,133,2.389,79,-1,0
5.62799,6.553,30.767,168,2.402,78,-1,0
5.64899,5.536,31.49,145,2.412,80,-1,0
5.66999,5.197,30.449,132,2.423,78,-1,0
5.69099,4.971,29.954,124,2.433,77,-1,0
5.71199,5.31,29.773,132,2.444,76,-1,0
5.73299,5.536,29.475,136,2.454,75,-1,0
5.75399,5.31,29.534,131,2.465,75,-1,0
5.77499,5.649,30.015,141,2.475,75,-1,0
5.79599,5.536,30.639,141,2.486,77,-1,0
5.81699,6.44,30.896,166,2.496,79,-1,0
5.83799,5.536,31.158,144,2.507,79,-1,0
5.85899,5.31,29.833,132,2.517,78,-1,0
5.87999,4.745,29.833,118,2.528,75,-1,0
5.90099,5.31,29.299,130,2.538,75,-1,0
5.92199,5.988,29.593,148,2.549,75,-1,0
5.94299,6.101,30.2,153,2.559,76,-1,0
5.96398,5.084,30.449,129,2.57,77,-1,0
5.98498,5.197,29.954,130,2.58,76,-1,0
6.00598,5.423,29.593,134,2.591,76,-1,0
6.02698,5.536,29.299,135,2.601,75,-1,0
6.04798,5.197,29.416,127,2.612,75,-1,0
6.06898,5.197,28.954,125,2.622,74,-1,0
6.08998,5.31,29.068,129,2.633,74,-1,0
6.11098,5.31,29.241,129,2.641,75,-1,0
6.13198,7.344,31.158,191,2.654,78,-1,0
6.15298,5.988,31.558,157,2.664,80,-1,0
6.17398,5.31,30.896,137,2.674,80,-1,0
6.19498,5.988,30.832,154,2.685,78,-1,0
6.21598,6.44,30.767,165,2.695,79,-1,0
6.23698,5.762,30.832,148,2.708,79,-1,0
6.25798,5.649,30.896,145,2.719,78,-1,0
6.27898,6.553,30.449,166,2.729,78,-1,0
6.29998,5.988,31.026,155,2.739,79,-1,0
6.32098,5.762,31.092,149,2.75,79,-1,0
6.34198,6.214,30.832,160,2.76,79,-1,0
6.36298,6.327,30.512,161,2.771,78,-1,0
6.38398,5.875,30.703,150,2.783,78,-1,0
6.40498,5.649,30.512,144,2.794,78,-1,0
6.42598,6.327,30.324,160,2.804,78,-1,0
6.44698,6.666,31.158,173,2.815,78,-1,0
6.46798,6.214,30.896,160,2.825,79,-1,0
6.48898,6.892,30.961,178,2.836,79,-1,0
6.50998,7.005,30.767,179,2.846,79,-1,0
6.53098,6.779,31.29,177,2.859,79,-1,0
6.55198,6.892,30.832,177,2.869,79,-1,0
6.57298,7.344,31.29,191,2.88,79,-1,0
6.59398,6.327,31.092,164,2.89,80,-1,0
6.61498,6.666,30.576,170,2.901,78,-1,0
6.63598,7.344,30.138,184,2.911,78,-1,0
6.65698,6.214,30.896,160,2.922,78,-1,0
6.67798,6.327,30.077,158,2.932,78,-1,0
6.69898,6.666,30.387,169,2.943,77,-1,0
6.71998,7.231,30.262,182,2.955,77,-1,0
6.74098,6.779,30.449,172,2.966,78,-1,0
6.76198,6.327,30.449,160,2.976,78,-1,0
6.78298,7.005,30.767,179,2.987,78,-1,0
6.80398,7.005,30.703,179,2.997,79,-1,0
6.82498,7.005,31.026,181,3.008,78,-1,0
6.84598,7.457,30.832,191,3.018,79,-1,0
6.86698,7.57,30.896,195,3.031,79,-1,0
6.88798,7.005,31.092,181,3.041,79,-1,0
6.90898,7.005,30.703,179,3.052,79,-1,0
6.92998,7.796,30.767,200,3.062,79,-1,0
6.95098,7.118,30.703,182,3.073,78,-1,0
6.97198,7.005,30.896,180,3.083,78,-1,0
6.99298,7.231,30.077,181,3.094,78,-1,0
7.01398,7.57,30.512,192,3.104,77,-1,0
7.03498,7.005,31.092,181,3.117,79,-1,0
7.05598,7.344,30.703,188,3.127,79,-1,0
7.07698,7.57,30.703,194,3.138,78,-1,0
7.09798,7.118,30.832,183,3.148,78,-1,0
7.11898,7.005,30.324,177,3.159,78,-1,0
7.13998,7.796,30.639,199,3.169,78,-1,0
7.16098,7.683,30.961,198,3.18,79,-1,0
7.18198,6.892,31.224,179,3.192,80,-1,0
7.20298,7.57,30.896,195,3.203,79,-1,0
7.22398,7.457,30.896,192,3.213,79,-1,0
7.24498,6.666,30.324,168,3.224,78,-1,0
7.26598,7.231,30.077,181,3.234,77,-1,0
7.28698,7.796,30.324,197,3.245,77,-1,0
7.30798,6.327,30.703,162,3.255,78,-1,0
7.32898,6.44,28.672,154,3.266,80,-1,0
7.34998,7.231,28.561,172,3.276,81,-1,0
7.37098,6.327,28.617,151,3.284,81,-1,0
7.39198,6.553,28.396,155,3.295,80,-1,0
7.41298,6.666,28.561,159,3.305,81,-1,0
7.43398,5.875,28.561,140,3.316,81,-1,0
7.45498,6.666,28.617,159,3.324,81,-1,0
7.47598,5.875,28.287,138,3.335,80,-1,0
7.49698,6.892,28.672,165,3.345,80,-1,0
7.51798,5.988,28.897,144,3.356,82,-1,0
7.53898,6.327,28.451,150,3.366,81,-1,0
7.55998,6.553,28.841,157,3.375,82,-1,0
7.58098,6.327,28.728,151,3.385,81,-1,0
7.60198,6.666,28.179,156,3.396,80,-1,0
7.62298,5.988,28.341,141,3.406,80,-1,0
7.64398,6.666,28.341,157,3.414,80,-1,0
7.66498,6.214,28.287,146,3.425,80,-1,0
7.68598,5.536,28.561,132,3.435,80,-1,0
7.70698,6.666,28.071,156,3.446,80,-1,0
7.72798,5.536,28.287,130,3.454,80,-1,0
7.74898,6.44,28.451,153,3.465,80,-1,0
7.76998,6.44,28.287,152,3.475,80,-1,0
7.79098,5.536,28.179,130,3.484,80,-1,0
7.81198,6.44,28.287,152,3.494,80,-1,0
7.83298,6.101,28.396,144,3.505,80,-1,0
7.85398,5.875,28.179,138,3.515,80,-1,0
7.87498,6.327,28.396,150,3.523,80,-1,0
7.89598,5.536,28.341,131,3.534,80,-1,0
7.91698,6.44,28.287,152,3.544,80,-1,0
7.93798,6.44,28.071,151,3.555,80,-1,0
7.95898,6.327,28.451,150,3.563,80,-1,0
7.97998,7.344,28.233,173,3.574,80,-1,0
8.00098,6.327,28.506,150,3.584,80,-1,0
8.02198,7.005,28.672,167,3.595,80,-1,0
8.04298,6.666,28.125,156,3.603,81,-1,0
8.06398,6.666,28.672,159,3.613,81,-1,0
8.08498,6.779,28.617,162,3.624,81,-1,0
8.10598,6.327,28.561,150,3.634,81,-1,0
8.12698,7.005,28.561,167,3.643,81,-1,0
8.14798,6.666,28.617,159,3.653,81,-1,0
8.16898,6.666,28.784,160,3.664,81,-1,0
8.18998,6.666,28.341,157,3.674,81,-1,0
8.21098,6.327,28.071,148,3.683,80,-1,0
8.23198,6.666,27.912,155,3.693,80,-1,0
8.25298,6.553,28.287,154,3.704,80,-1,0
8.27398,6.327,27.859,147,3.712,80,-1,0
8.29498,7.344,28.233,173,3.722,80,-1,0
8.31598,6.44,28.728,154,3.733,81,-1,0
8.33698,7.005,28.561,167,3.743,81,-1,0
8.35798,6.553,28.179,154,3.752,81,-1,0
8.37897,6.666,28.561,159,3.762,80,-1,0
8.39997,7.231,28.018,169,3.773,80,-1,0
8.42097,6.327,28.341,149,3.783,80,-1,0
8.44197,7.005,28.451,166,3.792,80,-1,0
8.46297,6.892,27.912,160,3.802,80,-1,0
8.48397,6.44,28.179,151,3.813,80,-1,0
8.50497,7.344,28.451,174,3.821,80,-1,0
8.52597,6.553,28.506,156,3.831,81,-1,0
8.54697,7.005,28.617,167,3.842,81,-1,0
8.56797,7.005,28.784,168,3.852,81,-1,0
8.58897,6.666,28.672,159,3.863,81,-1,0
8.60997,7.231,28.561,172,3.871,81,-1,0
8.63097,6.214,28.617,148,3.882,81,-1,0
8.65197,7.344,28.451,174,3.892,81,-1,0
8.67297,6.892,29.125,167,3.903,82,-1,0
8.69397,7.57,29.068,183,3.913,83,-1,0
8.71497,6.779,29.534,167,3.924,84,-1,0
8.73597,7.344,29.593,181,3.932,84,-1,0
8.75697,6.666,29.299,163,3.943,84,-1,0
8.77797,7.344,29.241,179,3.953,83,-1,0
8.79897,6.44,29.125,156,3.964,83,-1,0
8.81997,7.118,28.672,170,3.974,82,-1,0
8.84097,6.779,29.068,164,3.984,82,-1,0
8.86197,7.005,28.784,168,3.995,82,-1,0
8.88297,6.666,28.672,159,4.003,82,-1,0
8.90397,7.005,28.784,168,4.014,81,-1,0
8.92497,7.005,28.179,164,4.024,81,-1,0
8.94597,6.327,28.125,148,4.035,80,-1,0
8.96697,7.344,28.341,173,4.043,80,-1,0
8.98797,7.231,28.954,174,4.054,82,-1,0
9.00897,6.779,28.841,163,4.064,82,-1,0
9.02997,6.892,28.561,164,4.075,81,-1,0
9.05097,6.892,28.125,161,4.083,81,-1,0
9.07197,7.57,29.011,183,4.093,81,-1,0
9.09297,7.005,29.125,170,4.104,82,-1,0
9.11397,7.231,29.183,176,4.114,83,-1,0
9.13497,6.101,28.728,146,4.125,82,-1,0
9.15597,6.666,28.125,156,4.133,80,-1,0
9.17697,6.779,27.859,157,4.144,80,-1,0
9.19797,6.553,28.071,153,4.154,80,-1,0
9.21897,7.005,28.071,164,4.165,80,-1,0
9.23997,6.666,28.233,157,4.173,80,-1,0
9.26097,6.553,28.233,154,4.184,80,-1,0
9.28197,7.005,28.018,163,4.194,80,-1,0
9.30297,6.214,28.071,145,4.202,80,-1,0
9.32397,6.666,27.754,154,4.213,80,-1,0
9.34497,7.005,28.179,164,4.223,80,-1,0
9.36597,7.118,28.784,171,4.232,81,-1,0
9.38697,7.344,29.183,178,4.242,83,-1,0
9.40797,6.44,28.841,155,4.253,82,-1,0
9.42897,7.457,28.728,178,4.263,82,-1,0
9.44997,6.44,28.954,155,4.274,82,-1,0
9.47097,6.666,28.451,158,4.284,81,-1,0
9.49197,7.118,28.179,167,4.293,80,-1,0
9.51297,6.779,28.561,161,4.303,80,-1,0
9.53397,7.683,29.068,186,4.314,82,-1,0
9.55497,6.666,29.358,163,4.324,83,-1,0
9.57597,7.457,28.728,178,4.335,82,-1,0
9.59697,6.666,28.841,160,4.343,82,-1,0
9.61797,7.344,29.125,178,4.353,82,-1,0
9.63897,6.553,28.672,156,4.364,81,-1,0
9.65997,7.118,28.125,167,4.374,80,-1,0
9.68097,7.118,28.125,167,4.385,81,-1,0
9.70197,6.779,29.125,164,4.393,82,-1,0
9.72297,7.344,28.728,176,4.404,83,-1,0
9.74397,6.553,28.784,157,4.414,81,-1,0
9.76497,7.683,28.784,184,4.425,82,-1,0
9.78597,7.005,29.475,172,4.435,83,-1,0
9.80697,7.57,29.241,184,4.446,84,-1,0
9.82797,6.779,29.534,167,4.456,83,-1,0
9.84897,7.231,29.593,178,4.467,84,-1,0
9.86997,7.005,29.299,171,4.475,84,-1,0
9.89097,7.457,29.241,182,4.485,83,-1,0
9.91197,6.327,29.241,154,4.496,83,-1,0
9.93297,7.005,28.506,166,4.506,82,-1,0
9.95397,6.666,28.341,157,4.517,80,-1,0
9.97497,7.005,28.506,166,4.525,80,-1,0
9.99597,6.892,28.396,163,4.536,81,-1,0
10.01697,6.44,28.071,151,4.546,80,-1,0
10.03797,7.796,28.506,185,4.557,80,-1,0
10.05897,6.666,28.954,161,4.565,82,-1,0
10.07997,7.796,29.241,190,4.576,83,-1,0
10.10097,6.666,29.183,162,4.586,83,-1,0
10.12197,7.005,28.728,168,4.597,82,-1,0
10.14297,6.327,28.233,149,4.607,80,-1,0
10.16397,7.118,28.018,166,4.615,80,-1,0
10.18497,7.344,28.396,174,4.626,80,-1,0
10.20597,6.666,28.233,157,4.636,80,-1,0
10.22697,7.118,28.506,169,4.647,81,-1,0
10.24797,6.666,28.018,156,4.655,80,-1,0
10.26897,6.214,27.912,144,4.666,80,-1,0
10.28997,7.118,27.702,164,4.676,79,-1,0
10.31097,6.892,28.233,162,4.685,80,-1,0
10.33197,7.005,28.617,167,4.695,80,-1,0
10.35297,7.344,28.506,174,4.706,81,-1,0
10.37397,6.101,28.506,145,4.716,81,-1,0
10.39497,7.909,28.841,190,4.724,81,-1,0
10.41597,6.553,29.183,159,4.735,83,-1,0
10.43697,7.344,28.954,177,4.745,82,-1,0
10.45797,6.666,28.672,159,4.756,81,-1,0
10.47897,6.892,28.506,164,4.766,81,-1,0
10.49997,7.231,28.784,173,4.775,81,-1,0
10.52097,6.666,28.841,160,4.785,82,-1,0
10.54197,7.683,28.954,185,4.796,82,-1,0
10.56297,6.327,29.068,153,4.806,83,-1,0
10.58397,7.344,28.561,175,4.817,82,-1,0
10.60497,6.892,29.125,167,4.827,82,-1,0
10.62597,7.344,29.011,177,4.835,82,-1,0
10.64697,6.553,28.841,157,4.846,82,-1,0
10.66796,7.231,28.561,172,4.856,81,-1,0
10.68896,7.118,28.672,170,4.867,81,-1,0
10.70996,7.231,28.841,174,4.877,82,-1,0
10.73096,7.344,28.784,176,4.886,82,-1,0
10.75196,6.666,28.841,160,4.896,81,-1,0
10.77296,7.683,28.617,183,4.907,82,-1,0
10.79396,6.553,28.897,158,4.917,82,-1,0
10.81496,7.57,28.617,180,4.928,81,-1,0
10.83596,6.892,28.341,163,4.936,81,-1,0
10.85696,7.457,28.897,179,4.947,81,-1,0
10.87796,7.231,29.068,175,4.957,82,-1,0
10.89896,7.344,29.183,178,4.968,83,-1,0
10.91996,7.683,29.713,190,4.978,84,-1,0
10.94096,7.683,29.713,190,4.988,85,-1,0
10.96196,7.344,30.262,185,4.999,85,-1,0
10.98296,8.135,30.262,205,5.009,86,-1,0
11.00396,7.344,30.324,185,5.02,86,-1,0
11.02496,7.005,29.773,174,5.03,85,-1,0
11.04596,7.457,29.358,182,5.041,84,-1,0
11.06696,7.005,29.713,173,5.051,84,-1,0
11.08796,7.683,29.358,188,5.062,84,-1,0
11.10896,6.779,29.593,167,5.072,84,-1,0
11.12996,7.344,28.728,176,5.083,83,-1,0
11.15096,7.005,28.784,168,5.091,82,-1,0
11.17196,7.231,28.954,174,5.102,82,-1,0
11.19296,7.231,29.011,175,5.112,82,-1,0
11.21396,7.57,29.241,184,5.123,83,-1,0
11.23496,7.005,29.416,172,5.133,83,-1,0
11.25596,8.022,29.653,198,5.144,84,-1,0
11.27696,7.344,30.077,184,5.154,85,-1,0
11.29796,7.683,29.534,189,5.165,85,-1,0
11.31896,6.779,29.125,164,5.175,83,-1,0
11.33996,8.135,29.713,201,5.185,84,-1,0
11.36096,7.118,29.713,176,5.196,85,-1,0
11.38196,8.135,29.653,201,5.206,85,-1,0
11.40296,7.344,30.015,184,5.215,85,-1,0
11.42396,7.344,29.475,180,5.225,84,-1,0
11.44496,7.344,29.593,181,5.236,83,-1,0
11.46596,7.344,29.068,178,5.246,83,-1,0
11.48696,7.57,29.534,186,5.257,84,-1,0
11.50796,7.118,29.713,176,5.267,84,-1,0
11.52896,8.022,29.894,200,5.278,85,-1,0
11.54996,6.666,29.833,166,5.288,85,-1,0
11.57096,8.022,29.475,197,5.299,84,-1,0
11.59196,6.779,29.954,169,5.309,85,-1,0
11.61296,7.118,28.784,171,5.32,83,-1,0
11.63396,7.005,28.841,168,5.33,82,-1,0
11.65496,7.344,28.233,173,5.339,81,-1,0
11.67596,6.779,28.617,162,5.349,81,-1,0
11.69696,7.683,28.954,185,5.359,82,-1,0
11.71796,7.231,29.241,176,5.37,83,-1,0
11.73896,7.231,28.617,172,5.38,82,-1,0
11.75996,7.344,28.728,176,5.389,81,-1,0
11.78096,7.005,28.728,168,5.399,81,-1,0
11.80196,7.57,28.233,178,5.41,81,-1,0
11.82296,6.779,28.728,162,5.42,81,-1,0
11.84396,7.457,28.451,177,5.429,81,-1,0
11.86496,7.231,28.451,171,5.439,81,-1,0
11.88596,7.231,28.897,174,5.45,81,-1,0
11.90696,7.231,28.784,173,5.46,82,-1,0
11.92796,7.344,28.841,176,5.471,82,-1,0
11.94896,7.344,29.068,178,5.481,82,-1,0
11.96996,7.457,28.897,179,5.489,82,-1,0
11.99096,7.683,29.773,190,5.5,84,-1,0
12.01196,6.892,29.241,168,5.51,83,-1,0
12.03296,8.135,29.299,198,5.521,83,-1,0
12.05396,7.57,29.833,188,5.531,84,-1,0
12.07496,7.231,29.068,175,5.542,83,-1,0
12.09596,7.231,28.897,174,5.552,82,-1,0
12.11696,8.022,29.183,195,5.563,83,-1,0
12.13796,7.344,29.358,180,5.573,83,-1,0
12.15896,7.909,29.653,195,5.584,84,-1,0
12.17996,7.909,29.833,196,5.592,85,-1,0
12.20096,7.344,29.653,181,5.603,85,-1,0
12.22196,8.022,29.653,198,5.613,84,-1,0
12.24296,7.005,29.416,172,5.624,84,-1,0
12.26396,8.361,29.713,207,5.634,84,-1,0
12.28496,7.005,29.593,173,5.645,84,-1,0
12.30596,8.135,29.241,198,5.655,84,-1,0
12.32696,6.666,29.299,163,5.665,83,-1,0
12.34796,7.796,28.617,186,5.676,82,-1,0
12.36896,6.892,28.672,165,5.686,81,-1,0
12.38996,8.474,29.773,210,5.697,83,-1,0
12.41096,6.666,28.954,161,5.705,84,-1,0
12.43196,7.909,28.897,190,5.716,82,-1,0
12.45296,7.118,28.897,171,5.726,82,-1,0
12.47396,7.683,28.672,183,5.737,82,-1,0
12.49496,7.344,29.183,178,5.747,82,-1,0
12.51596,7.344,28.617,175,5.756,82,-1,0
12.53696,7.683,28.672,183,5.766,81,-1,0
12.55796,6.779,28.617,162,5.777,81,-1,0
12.57896,7.909,28.672,189,5.787,81,-1,0
12.59996,6.327,28.018,148,5.795,80,-1,0
12.62096,7.683,28.506,182,5.806,80,-1,0
12.64196,7.909,29.241,193,5.816,83,-1,0
12.66296,8.135,30.138,204,5.827,85,-1,0
12.68396,7.118,29.416,174,5.837,84,-1,0
12.70496,7.344,28.506,174,5.848,82,-1,0
12.72596,7.344,28.672,175,5.858,81,-1,0
12.74696,7.796,29.358,191,5.869,83,-1,0
12.76796,7.57,29.241,184,5.877,83,-1,0
12.78896,7.796,29.416,191,5.888,83,-1,0
12.80996,7.344,28.954,177,5.898,83,-1,0
12.83096,7.683,29.241,187,5.909,82,-1,0
12.85196,7.683,29.241,187,5.919,83,-1,0
12.87296,7.118,28.897,171,5.93,83,-1,0
12.89396,7.683,28.784,184,5.94,82,-1,0
12.91496,6.779,28.233,159,5.948,81,-1,0
12.93596,8.248,28.728,197,5.959,81,-1,0
12.95695,6.892,28.728,165,5.969,82,-1,0
12.97795,7.344,28.179,172,5.98,80,-1,0
12.99895,7.231,28.018,169,5.988,80,-1,0
13.01995,7.118,28.396,168,5.999,80,-1,0
13.04095,7.796,28.561,185,6.009,81,-1,0
13.06195,6.779,28.617,162,6.02,81,-1,0
13.08295,7.796,28.287,184,6.028,81,-1,0
13.10395,7.344,28.728,176,6.039,81,-1,0
13.12495,7.231,28.506,172,6.049,81,-1,0
13.14595,7.683,28.561,183,6.06,81,-1,0
13.16695,6.666,27.965,155,6.068,80,-1,0
13.18795,7.683,28.071,180,6.078,80,-1,0
13.20895,7.683,28.561,183,6.089,81,-1,0
13.22995,7.344,28.561,175,6.099,81,-1,0
13.25095,7.683,28.672,183,6.108,81,-1,0
13.27195,7.118,28.728,170,6.118,81,-1,0
13.29295,7.57,28.071,177,6.129,81,-1,0
13.31395,7.344,28.125,172,6.139,80,-1,0
13.33495,7.344,28.506,174,6.148,80,-1,0
13.35595,7.909,28.396,187,6.158,81,-1,0
13.37695,6.892,28.396,163,6.169,80,-1,0
13.39795,7.909,28.287,186,6.177,80,-1,0
13.41895,7.683,28.451,182,6.187,81,-1,0
13.43995,7.344,28.784,176,6.198,81,-1,0
13.46095,7.683,29.068,186,6.208,82,-1,0
13.48195,7.457,28.784,179,6.219,82,-1,0
13.50295,7.683,28.954,185,6.229,82,-1,0
13.52395,7.344,28.617,175,6.238,81,-1,0
13.54495,8.022,29.011,194,6.248,82,-1,0
13.56595,7.344,29.125,178,6.259,82,-1,0
13.58695,8.361,29.299,204,6.269,83,-1,0
13.60795,7.457,29.475,183,6.28,84,-1,0
13.62895,8.135,29.416,199,6.29,84,-1,0
13.64995,7.231,29.125,175,6.301,83,-1,0
13.67095,8.248,28.897,198,6.309,82,-1,0
13.69195,7.118,29.011,172,6.319,82,-1,0
13.71295,8.135,29.068,197,6.33,82,-1,0
13.73395,7.683,29.011,186,6.34,82,-1,0
13.75495,8.474,29.241,206,6.351,83,-1,0
13.77595,7.344,29.299,179,6.361,83,-1,0
13.79695,8.361,29.068,202,6.372,83,-1,0
13.81795,7.457,29.416,183,6.382,83,-1,0
13.83895,8.587,29.416,210,6.391,83,-1,0
13.85995,7.344,29.299,179,6.401,84,-1,0
13.88095,8.361,29.299,204,6.412,83,-1,0
13.90195,7.796,29.534,192,6.422,84,-1,0
13.92295,8.7,29.713,215,6.433,84,-1,0
13.94395,7.344,29.894,183,6.443,85,-1,0
13.96495,8.135,29.068,197,6.454,83,-1,0
13.98595,7.683,29.416,188,6.464,83,-1,0
14.00695,8.474,29.183,206,6.475,83,-1,0
14.02795,7.57,29.416,185,6.485,84,-1,0
14.04895,8.022,29.068,194,6.495,83,-1,0
14.06995,7.683,29.183,187,6.504,83,-1,0
14.09095,8.474,28.897,204,6.514,83,-1,0
14.11195,7.118,29.068,172,6.525,82,-1,0
14.13295,8.361,28.672,200,6.535,82,-1,0
14.15395,7.344,29.068,178,6.546,82,-1,0
14.17495,8.361,29.183,203,6.556,83,-1,0
14.19595,7.344,28.841,176,6.565,83,-1,0
14.21695,8.135,29.011,197,6.575,82,-1,0
14.23795,7.57,28.897,182,6.586,82,-1,0
14.25895,8.022,28.841,193,6.596,82,-1,0
14.27995,7.231,29.068,175,6.607,82,-1,0
14.30095,8.022,28.841,193,6.617,82,-1,0
14.32195,7.909,28.897,190,6.625,82,-1,0
14.34295,7.909,29.241,193,6.636,82,-1,0
14.36395,7.909,28.897,190,6.646,83,-1,0
14.38495,7.231,28.841,174,6.657,82,-1,0
14.40595,8.135,28.561,193,6.667,82,-1,0
14.42695,7.231,28.451,171,6.676,81,-1,0
14.44795,8.135,28.561,193,6.686,81,-1,0
14.46895,7.909,28.954,191,6.697,82,-1,0
14.48995,8.135,29.241,198,6.707,83,-1,0
14.51095,7.683,29.358,188,6.718,83,-1,0
14.53195,8.361,29.125,203,6.728,83,-1,0
14.55295,8.022,29.475,197,6.739,83,-1,0
14.57395,8.7,29.299,212,6.749,84,-1,0
14.59495,7.796,29.358,191,6.757,84,-1,0
14.61595,8.474,29.954,211,6.768,84,-1,0
14.63695,7.57,28.784,181,6.778,83,-1,0
14.65795,8.361,28.897,201,6.789,82,-1,0
14.67895,7.457,29.241,182,6.799,82,-1,0
14.69995,8.361,28.897,201,6.81,82,-1,0
14.72095,7.57,28.728,181,6.82,82,-1,0
14.74195,8.474,29.125,206,6.829,82,-1,0
14.76295,7.57,28.897,182,6.839,83,-1,0
14.78395,7.909,28.841,190,6.85,81,-1,0
14.80495,8.361,28.617,199,6.86,81,-1,0
14.82595,7.344,28.672,175,6.871,81,-1,0
14.84695,8.474,28.954,204,6.881,82,-1,0
14.86795,7.457,29.011,180,6.89,83,-1,0
14.88895,9.265,29.534,228,6.9,83,-1,0
14.90995,7.683,30.015,192,6.91,85,-1,0
14.93095,7.909,29.299,193,6.921,84,-1,0
14.95195,8.135,29.358,199,6.931,83,-1,0
14.97295,8.022,29.011,194,6.942,83,-1,0
14.99395,7.796,29.011,188,6.952,82,-1,0
15.01495,8.361,29.593,206,6.963,83,-1,0
15.03595,7.796,28.954,188,6.973,83,-1,0
15.05695,8.135,29.011,197,6.982,82,-1,0
15.07795,8.022,29.299,196,6.992,82,-1,0
15.09895,8.248,28.954,199,7.003,83,-1,0
15.11995,7.796,29.183,189,7.013,83,-1,0
15.14095,8.7,29.068,211,7.024,83,-1,0
15.16195,7.118,28.672,170,7.034,82,-1,0
15.18295,9.039,29.183,220,7.045,82,-1,0
15.20395,7.683,29.125,186,7.053,83,-1,0
15.22495,8.926,29.183,217,7.063,83,-1,0
15.24594,7.796,29.653,192,7.074,84,-1,0
15.26694,8.474,29.011,205,7.084,83,-1,0
15.28794,7.683,29.125,186,7.095,82,-1,0
15.30894,8.813,28.897,212,7.105,82,-1,0
15.32994,7.796,29.475,191,7.116,83,-1,0
15.35094,8.587,29.358,210,7.126,84,-1,0
15.37194,7.796,29.068,189,7.135,83,-1,0
15.39294,8.587,29.593,212,7.145,83,-1,0
15.41394,8.135,29.534,200,7.156,84,-1,0
15.43494,8.813,30.015,220,7.166,85,-1,0
15.45594,8.248,29.894,205,7.177,85,-1,0
15.47694,8.474,29.593,209,7.187,85,-1,0
15.49794,8.474,29.773,210,7.198,85,-1,0
15.51894,8.135,29.475,200,7.208,84,-1,0
15.53994,8.813,29.534,217,7.219,84,-1,0
15.56094,8.135,29.833,202,7.229,84,-1,0
15.58194,8.813,29.241,215,7.24,84,-1,0
15.60294,7.909,29.894,197,7.25,84,-1,0
15.62394,8.361,29.125,203,7.261,84,-1,0
15.64494,7.796,28.841,187,7.271,82,-1,0
15.66594,8.926,29.475,219,7.281,83,-1,0
15.68694,7.796,29.475,191,7.29,84,-1,0
15.70794,8.7,29.299,212,7.3,84,-1,0
15.72894,7.909,29.534,195,7.311,84,-1,0
15.74994,8.474,28.784,203,7.321,83,-1,0
15.77094,7.683,28.672,183,7.332,81,-1,0
15.79194,9.152,29.358,224,7.342,83,-1,0
15.81294,8.135,29.833,202,7.353,84,-1,0
15.83394,9.378,30.077,235,7.363,86,-1,0
15.85494,8.135,30.138,204,7.374,86,-1,0
15.87594,8.361,29.833,208,7.384,85,-1,0
15.89694,8.813,29.593,217,7.395,85,-1,0
15.91794,8.135,29.954,203,7.405,85,-1,0
15.93894,8.926,29.713,221,7.416,85,-1,0
15.95994,7.796,29.653,192,7.426,85,-1,0
15.98094,8.135,28.954,196,7.434,83,-1,0
16.00194,8.022,28.954,193,7.445,82,-1,0
16.02294,8.813,29.125,214,7.455,83,-1,0
16.04394,7.683,29.534,189,7.466,83,-1,0
16.06494,8.813,29.183,214,7.476,83,-1,0
16.08594,7.683,29.068,186,7.487,82,-1,0
16.10694,9.378,29.593,231,7.497,83,-1,0
16.12794,8.135,29.833,202,7.508,85,-1,0
16.14894,8.474,29.894,211,7.518,85,-1,0
16.16994,7.909,29.068,191,7.529,83,-1,0
16.19094,8.474,28.728,203,7.537,82,-1,0
16.21194,7.344,28.897,177,7.548,82,-1,0
16.23294,8.813,28.451,209,7.558,81,-1,0
16.25394,7.909,29.183,192,7.569,82,-1,0
16.27494,9.039,29.183,220,7.579,83,-1,0
16.29594,7.683,29.241,187,7.59,83,-1,0
16.31694,8.813,29.241,215,7.598,83,-1,0
16.33794,7.909,29.125,192,7.608,83,-1,0
16.35894,8.7,29.068,211,7.619,83,-1,0
16.37994,7.909,29.299,193,7.629,83,-1,0
16.40094,8.813,29.125,214,7.64,83,-1,0
16.42194,7.683,29.475,189,7.65,83,-1,0
16.44294,8.813,28.672,210,7.661,82,-1,0
16.46394,8.022,29.011,194,7.671,82,-1,0
16.48494,8.587,29.241,209,7.68,82,-1,0
16.50594,8.135,29.011,197,7.69,83,-1,0
16.52694,9.039,29.773,224,7.701,83,-1,0
16.54794,8.474,29.593,209,7.711,84,-1,0
16.56894,9.039,30.2,227,7.722,86,-1,0
16.58994,8.135,29.773,202,7.732,85,-1,0
16.61094,8.474,28.841,204,7.743,84,-1,0
16.63194,7.909,29.241,193,7.753,82,-1,0
16.65294,8.926,29.358,218,7.764,83,-1,0
16.67394,8.248,29.534,203,7.774,84,-1,0
16.69494,8.926,30.138,224,7.785,85,-1,0
16.71594,8.926,29.954,223,7.795,86,-1,0
16.73694,8.135,30.387,206,7.805,86,-1,0
16.75794,8.587,29.125,208,7.816,84,-1,0
16.77894,8.248,29.773,204,7.826,84,-1,0
16.79994,8.7,29.416,213,7.837,84,-1,0
16.82094,8.587,29.773,213,7.847,84,-1,0
16.84194,8.587,29.954,214,7.858,85,-1,0
16.86294,8.248,29.593,203,7.866,84,-1,0
16.88394,8.361,29.534,206,7.877,84,-1,0
16.90494,8.361,29.241,204,7.887,84,-1,0
16.92594,8.022,28.672,192,7.898,82,-1,0
16.94694,8.022,29.241,195,7.908,82,-1,0
16.96794,7.909,28.396,187,7.919,82,-1,0
16.98894,7.796,28.179,183,7.927,80,-1,0
17.00994,8.135,28.451,193,7.938,81,-1,0
17.03094,7.57,27.912,176,7.948,80,-1,0
17.05194,7.683,28.018,179,7.956,80,-1,0
17.07294,8.474,28.341,200,7.967,80,-1,0
17.09394,7.683,28.506,182,7.977,81,-1,0
17.11494,8.361,28.672,200,7.988,81,-1,0
17.13594,7.909,28.341,187,7.998,81,-1,0
17.15694,8.135,28.841,195,8.007,81,-1,0
17.17794,8.248,28.451,195,8.017,81,-1,0
17.19894,7.457,28.617,178,8.028,81,-1,0
17.21994,8.474,28.071,198,8.038,80,-1,0
17.24094,8.135,28.396,192,8.047,81,-1,0
17.26194,8.361,28.954,202,8.057,81,-1,0
17.28294,8.248,28.841,198,8.067,82,-1,0
17.30394,8.7,29.241,212,8.078,83,-1,0
17.32494,8.587,29.475,211,8.088,84,-1,0
17.34594,8.022,28.954,193,8.099,83,-1,0
17.36694,8.474,28.841,204,8.107,82,-1,0
17.38794,8.474,28.954,204,8.118,82,-1,0
17.40894,8.587,29.068,208,8.128,83,-1,0
17.42994,7.683,28.841,185,8.139,82,-1,0
17.45094,8.813,28.672,210,8.149,81,-1,0
17.47194,7.909,28.897,190,8.16,82,-1,0
17.49294,8.813,28.954,212,8.168,82,-1,0
17.51394,8.361,29.299,204,8.179,83,-1,0
17.53493,9.265,29.954,231,8.189,85,-1,0
17.55593,8.248,29.894,205,8.2,85,-1,0
17.57693,8.813,29.416,216,8.21,84,-1,0
17.59793,8.135,29.773,202,8.22,84,-1,0
17.61893,8.813,29.534,217,8.231,84,-1,0
17.63993,8.587,29.833,213,8.241,85,-1,0
17.66093,8.135,29.593,200,8.252,84,-1,0
17.68193,8.926,29.241,217,8.262,84,-1,0
17.70293,8.135,29.534,200,8.273,84,-1,0
17.72393,8.926,29.299,218,8.283,84,-1,0
17.74493,8.248,29.833,205,8.294,84,-1,0
17.76593,9.039,29.475,222,8.304,84,-1,0
17.78693,7.909,29.534,195,8.315,84,-1,0
17.80793,8.813,29.475,216,8.325,84,-1,0
17.82893,8.135,29.358,199,8.334,84,-1,0
17.84993,8.813,29.241,215,8.344,84,-1,0
17.87093,8.022,29.416,196,8.355,83,-1,0
17.89193,8.813,29.299,215,8.365,83,-1,0
17.91293,8.7,30.138,218,8.376,85,-1,0
17.93393,8.7,30.262,219,8.386,86,-1,0
17.95493,8.813,30.015,220,8.397,86,-1,0
17.97593,8.022,29.833,199,8.407,85,-1,0
17.99693,8.813,29.416,216,8.418,84,-1,0
18.01793,8.022,29.713,198,8.428,84,-1,0
18.03893,9.039,29.241,220,8.438,84,-1,0
18.05993,8.474,30.138,213,8.449,85,-1,0
18.08093,8.474,29.954,211,8.459,85,-1,0
18.10193,9.039,30.138,227,8.47,86,-1,0
18.12293,8.7,30.449,221,8.48,86,-1,0
18.14393,9.039,30.449,229,8.491,87,-1,0
18.16493,8.587,30.138,215,8.501,86,-1,0
18.18593,8.248,29.713,204,8.512,85,-1,0
18.20693,9.039,29.833,225,8.522,85,-1,0
18.22793,8.135,29.833,202,8.533,85,-1,0
18.24893,9.265,29.593,228,8.543,85,-1,0
18.26993,8.361,30.2,210,8.554,85,-1,0
18.29093,8.7,30.077,218,8.564,86,-1,0
18.31193,8.813,29.833,219,8.575,85,-1,0
18.33293,8.587,30.138,215,8.585,86,-1,0
18.35393,9.265,30.2,233,8.596,86,-1,0
18.37493,8.7,30.576,222,8.606,86,-1,0
18.39593,8.7,30.387,220,8.617,87,-1,0
18.41693,9.152,30.387,232,8.629,86,-1,0
18.43793,8.135,30.015,203,8.638,86,-1,0
18.45893,8.926,29.593,220,8.648,85,-1,0
18.47993,8.248,29.773,204,8.659,84,-1,0
18.50093,8.474,29.125,206,8.669,84,-1,0
18.52193,8.248,29.416,202,8.68,83,-1,0
18.54293,8.474,28.897,204,8.69,83,-1,0
18.56393,8.248,28.954,199,8.7,82,-1,0
18.58493,8.813,29.773,218,8.711,83,-1,0
18.60593,8.248,29.299,201,8.721,84,-1,0
18.62693,8.587,29.534,211,8.732,84,-1,0
18.64793,8.361,29.475,205,8.742,84,-1,0
18.66893,8.135,29.011,197,8.751,83,-1,0
18.68993,8.813,29.833,219,8.761,84,-1,0
18.71093,8.587,29.773,213,8.772,86,-1,0
18.73193,9.039,30.2,227,8.782,85,-1,0
18.75293,8.135,30.262,205,8.793,86,-1,0
18.77393,8.361,29.653,206,8.803,85,-1,0
18.79493,7.683,28.506,182,8.814,81,-1,0
18.81593,9.152,29.241,223,8.824,82,-1,0
18.83693,8.474,30.2,213,8.835,85,-1,0
18.85793,8.813,30.2,222,8.845,87,-1,0
18.87893,8.7,30.449,221,8.856,86,-1,0
18.89993,8.813,30.703,225,8.866,87,-1,0
18.92093,8.135,29.773,202,8.877,86,-1,0
18.94193,7.683,29.011,186,8.887,83,-1,0
18.96293,8.474,28.561,202,8.898,81,-1,0
18.98393,8.135,29.068,197,8.908,82,-1,0
19.00493,8.7,28.561,207,8.918,82,-1,0
19.02593,7.344,28.233,173,8.927,80,-1,0
19.04693,9.152,28.954,221,8.937,81,-1,0
19.06793,8.474,29.475,208,8.948,84,-1,0
19.08893,8.474,29.125,206,8.958,84,-1,0
19.10993,8.022,29.593,198,8.969,83,-1,0
19.13093,8.813,29.125,214,8.979,83,-1,0
19.15193,8.135,29.593,200,8.99,84,-1,0
19.17293,9.152,29.593,226,9,84,-1,0
19.19393,7.796,29.713,193,9.011,85,-1,0
19.21493,8.813,29.534,217,9.019,84,-1,0
19.23593,7.796,29.416,191,9.03,84,-1,0
19.25693,8.7,28.841,209,9.04,83,-1,0
19.27793,7.909,29.358,193,9.051,83,-1,0
19.29893,8.7,29.183,211,9.061,83,-1,0
19.31993,7.57,28.784,181,9.071,82,-1,0
19.34093,9.039,29.183,220,9.082,82,-1,0
19.36193,7.57,28.728,181,9.09,83,-1,0
19.38293,8.474,28.954,204,9.101,82,-1,0
19.40393,8.135,28.841,195,9.111,82,-1,0
19.42493,8.248,28.672,197,9.122,82,-1,0
19.44593,8.248,28.784,198,9.132,81,-1,0
19.46693,7.683,28.287,181,9.141,81,-1,0
19.48793,8.7,28.071,203,9.151,80,-1,0
19.50893,7.909,28.897,190,9.162,81,-1,0
19.52993,8.926,28.672,213,9.172,82,-1,0
19.55093,8.135,29.011,197,9.183,82,-1,0
19.57193,8.7,28.897,209,9.191,82,-1,0
19.59293,8.135,28.841,195,9.201,82,-1,0
19.61393,8.022,28.728,192,9.212,82,-1,0
19.63493,9.039,28.897,217,9.222,82,-1,0
19.65593,8.248,29.475,202,9.233,83,-1,0
19.67693,8.813,29.534,217,9.243,84,-1,0
19.69793,8.474,29.299,207,9.254,84,-1,0
19.71893,8.7,29.593,214,9.264,84,-1,0
19.73993,8.926,30.015,223,9.275,85,-1,0
19.76093,8.248,29.653,204,9.285,85,-1,0
19.78193,8.813,29.894,219,9.294,85,-1,0
19.80293,8.135,29.653,201,9.304,84,-1,0
19.82393,9.152,29.534,225,9.315,84,-1,0
19.84492,8.7,30.138,218,9.325,85,-1,0
19.86592,8.474,29.773,210,9.336,85,-1,0
19.88692,8.7,29.894,217,9.346,85,-1,0
19.90792,8.587,29.773,213,9.357,85,-1,0
19.92892,9.152,30.324,231,9.367,86,-1,0
19.94992,8.361,30.449,212,9.378,86,-1,0
19.97092,9.039,30.576,230,9.39,87,-1,0
19.99192,9.152,30.639,233,9.401,87,-1,0
20.01292,8.248,30.512,210,9.411,87,-1,0
20.03392,8.474,29.475,208,9.422,84,-1,0
20.05492,8.474,29.534,208,9.432,84,-1,0
20.07592,8.361,29.534,206,9.443,84,-1,0
20.09692,8.474,29.416,208,9.451,83,-1,0
20.11792,8.813,29.299,215,9.461,84,-1,0
20.13892,9.265,30.262,233,9.472,85,-1,0
20.15992,8.474,30.2,213,9.484,86,-1,0
20.18092,9.265,30.703,237,9.495,87,-1,0
20.20192,8.587,30.077,215,9.505,86,-1,0
20.22292,8.474,30.138,213,9.516,85,-1,0
20.24392,8.926,29.534,220,9.526,85,-1,0
20.26492,7.909,29.416,194,9.537,84,-1,0
20.28592,8.926,29.416,219,9.545,84,-1,0
20.30692,7.796,28.897,188,9.556,82,-1,0
20.32792,8.813,28.841,212,9.566,82,-1,0
20.34892,8.022,29.183,195,9.577,82,-1,0
20.36992,8.7,28.954,210,9.587,83,-1,0
20.39092,7.909,29.125,192,9.598,82,-1,0
20.41192,8.135,28.561,193,9.606,82,-1,0
20.43292,8.813,28.617,210,9.616,81,-1,0
20.45392,8.926,29.954,223,9.627,84,-1,0
20.47492,7.909,29.593,195,9.637,84,-1,0
20.49592,8.813,29.125,214,9.648,84,-1,0
20.51692,7.909,29.653,195,9.658,83,-1,0
20.53792,8.022,28.233,189,9.669,81,-1,0
20.55892,9.491,30.2,239,9.679,84,-1,0
20.57992,9.717,30.576,247,9.69,86,-1,0
20.60092,8.135,30.832,209,9.7,88,-1,0
20.62192,8.474,30.767,217,9.711,87,-1,0
20.64292,9.943,30.703,254,9.721,88,-1,0
20.66392,8.361,31.026,216,9.732,88,-1,0
20.68492,8.7,30.512,221,9.744,88,-1,0
20.70592,9.265,30.767,237,9.755,87,-1,0
20.72692,8.7,30.639,222,9.765,87,-1,0
20.74792,9.152,31.224,238,9.776,88,-1,0
20.76892,8.926,31.29,233,9.786,89,-1,0
20.78992,9.491,31.356,248,9.797,89,-1,0
20.81092,8.248,30.449,209,9.809,87,-1,0
20.83192,8.813,30.262,222,9.82,86,-1,0
20.85292,9.152,30.077,229,9.83,86,-1,0
20.87392,8.361,30.2,210,9.841,86,-1,0
20.89492,9.152,30.576,233,9.851,86,-1,0
20.91592,9.152,30.639,233,9.862,87,-1,0
20.93692,8.474,30.896,218,9.872,88,-1,0
20.95792,9.152,30.262,231,9.883,87,-1,0
20.97892,8.926,30.512,227,9.893,87,-1,0
20.99992,8.361,30.387,212,9.904,86,-1,0
21.02092,9.039,30.015,226,9.914,86,-1,0
21.04192,8.7,30.324,220,9.925,86,-1,0
21.06292,8.813,30.2,222,9.935,86,-1,0
21.08392,9.378,30.324,237,9.946,86,-1,0
21.10492,8.135,30.324,205,9.958,86,-1,0
21.12592,9.378,30.576,239,9.969,87,-1,0
21.14692,9.265,30.512,235,9.979,87,-1,0
21.16792,8.813,31.158,229,9.99,88,-1,0
21.18892,9.152,30.639,233,10,88,-1,0
21.20992,9.152,30.512,233,10.011,87,-1,0
21.23092,8.361,30.639,213,10.021,87,-1,0
21.25192,9.152,30.576,233,10.032,87,-1,0
21.27292,9.152,30.767,234,10.042,87,-1,0
21.29392,8.474,30.449,215,10.055,87,-1,0
21.31492,9.265,30.961,239,10.065,87,-1,0
21.33592,9.378,30.449,238,10.076,87,-1,0
21.35692,8.587,31.026,222,10.086,88,-1,0
21.37792,8.813,30.832,226,10.096,88,-1,0
21.39892,9.039,30.387,229,10.107,87,-1,0
21.41992,9.039,31.026,234,10.117,87,-1,0
21.44092,8.7,30.703,222,10.13,88,-1,0
21.46192,9.378,30.832,241,10.141,88,-1,0
21.48292,8.587,30.324,217,10.151,87,-1,0
21.50392,8.813,30.767,226,10.161,87,-1,0
21.52492,9.491,30.639,242,10.172,87,-1,0
21.54592,9.265,31.356,242,10.182,88,-1,0
21.56692,8.926,31.423,234,10.193,89,-1,0
21.58792,9.265,31.356,242,10.205,89,-1,0
21.60892,9.152,30.703,234,10.216,88,-1,0
21.62992,8.587,30.767,220,10.226,87,-1,0
21.65092,8.7,30.767,223,10.237,88,-1,0
21.67192,9.491,30.703,243,10.247,87,-1,0
21.69292,8.926,31.158,232,10.258,88,-1,0
21.71392,8.813,30.961,227,10.27,88,-1,0
21.73492,9.491,30.961,245,10.281,88,-1,0
21.75592,8.926,30.832,229,10.291,88,-1,0
21.77692,8.587,30.703,220,10.302,87,-1,0
21.79792,9.491,30.961,245,10.312,88,-1,0
21.81892,9.152,30.767,234,10.323,88,-1,0
21.83992,8.813,30.832,226,10.335,88,-1,0
21.86092,9.039,31.092,234,10.346,88,-1,0
21.88192,9.152,30.512,233,10.356,88,-1,0
21.90292,8.926,30.896,230,10.367,87,-1,0
21.92392,9.039,31.29,236,10.377,88,-1,0
21.94492,9.378,31.158,243,10.388,89,-1,0
21.96592,9.039,30.961,233,10.4,88,-1,0
21.98692,8.813,31.158,229,10.411,88,-1,0
22.00792,9.039,31.29,236,10.421,88,-1,0
22.02892,9.491,30.639,242,10.432,88,-1,0
22.04992,9.152,31.49,240,10.442,88,-1,0
22.07092,9.717,31.626,256,10.455,89,-1,0
22.09192,7.796,30.2,196,10.465,88,-1,0
22.11292,8.248,29.416,202,10.476,84,-1,0
22.13391,8.587,29.125,208,10.486,84,-1,0
22.15491,9.265,30.262,233,10.497,84,-1,0
22.17591,8.361,30.2,210,10.507,86,-1,0
22.19691,9.152,30.449,232,10.518,86,-1,0
22.21791,8.587,30.015,215,10.528,86,-1,0
22.23891,8.813,30.576,224,10.539,86,-1,0
22.25991,9.265,30.077,232,10.549,87,-1,0
22.28091,8.248,30.138,207,10.56,86,-1,0
22.30191,9.152,30.576,233,10.57,86,-1,0
22.32291,8.926,30.138,224,10.581,86,-1,0
22.34391,8.7,30.639,222,10.591,86,-1,0
22.36491,9.152,30.077,229,10.602,86,-1,0
22.38591,9.039,30.449,229,10.612,86,-1,0
22.40691,8.474,30.387,214,10.623,87,-1,0
22.42791,8.926,29.954,223,10.633,86,-1,0
22.44891,8.135,30.387,206,10.644,86,-1,0
22.46991,8.926,29.593,220,10.654,85,-1,0
22.49091,9.152,30.449,232,10.665,86,-1,0
22.51191,8.587,30.512,218,10.677,87,-1,0
22.53291,8.813,30.387,223,10.688,87,-1,0
22.55391,8.474,29.833,211,10.698,85,-1,0
22.57491,8.474,29.713,210,10.709,85,-1,0
22.59591,8.248,29.475,202,10.717,84,-1,0
22.61691,8.474,29.011,205,10.727,83,-1,0
22.63791,7.683,29.068,186,10.738,82,-1,0
22.65891,8.474,27.965,197,10.748,81,-1,0
22.67991,8.022,28.672,192,10.759,80,-1,0
22.70091,8.7,28.784,209,10.767,81,-1,0
22.72191,8.135,28.728,195,10.778,82,-1,0
22.74291,8.7,28.784,209,10.788,82,-1,0
22.76391,8.248,28.897,198,10.799,82,-1,0
22.78491,8.248,28.841,198,10.809,82,-1,0
22.80591,8.474,28.672,202,10.818,81,-1,0
22.82691,7.909,28.728,189,10.828,81,-1,0
22.84791,8.813,28.617,210,10.838,81,-1,0
22.86891,7.909,28.841,190,10.849,82,-1,0
22.88991,9.152,29.125,222,10.859,82,-1,0
22.91091,7.909,29.068,191,10.87,83,-1,0
22.93191,9.152,29.475,225,10.878,83,-1,0
22.95291,8.361,29.534,206,10.889,84,-1,0
22.97391,8.813,29.299,215,10.899,84,-1,0
22.99491,8.7,29.894,217,10.91,84,-1,0
23.01591,8.926,29.954,223,10.92,85,-1,0
23.03691,8.587,29.954,214,10.931,85,-1,0
23.05791,8.587,29.534,211,10.941,84,-1,0
23.07891,9.152,29.894,228,10.952,85,-1,0
23.09991,8.474,30.324,214,10.962,86,-1,0
23.12091,9.378,30.703,240,10.973,87,-1,0
23.14191,8.813,30.832,226,10.985,88,-1,0
23.16291,8.474,30.262,214,10.996,87,-1,0
23.18391,8.926,30.138,224,11.006,86,-1,0
23.20491,8.248,29.653,204,11.017,85,-1,0
23.22591,8.587,30.015,215,11.027,85,-1,0
23.24691,9.039,29.954,225,11.038,85,-1,0
23.26791,8.248,29.241,201,11.048,84,-1,0
23.28891,9.152,29.653,226,11.056,84,-1,0
23.30991,8.135,29.534,200,11.067,84,-1,0
23.33091,8.926,29.593,220,11.077,84,-1,0
23.35191,7.796,29.183,189,11.088,83,-1,0
23.37291,8.813,28.728,211,11.098,82,-1,0
23.39391,7.796,29.125,189,11.109,82,-1,0
23.41491,9.152,29.068,222,11.119,83,-1,0
23.43591,8.135,29.416,199,11.13,83,-1,0
23.45691,9.152,29.534,225,11.14,84,-1,0
23.47791,8.135,29.653,201,11.151,84,-1,0
23.49891,8.813,29.241,215,11.159,84,-1,0
23.51991,8.022,29.475,197,11.17,83,-1,0
23.54091,9.152,29.416,224,11.18,84,-1,0
23.56191,8.361,29.894,208,11.191,84,-1,0
23.58291,9.039,29.833,225,11.201,85,-1,0
23.60391,8.926,30.262,225,11.212,86,-1,0
23.62491,8.474,29.894,211,11.222,86,-1,0
23.64591,9.039,29.894,225,11.233,85,-1,0
23.66691,8.926,30.262,225,11.243,85,-1,0
23.68791,8.813,30.512,224,11.254,87,-1,0
23.70891,9.378,30.961,242,11.266,87,-1,0
23.72991,8.474,30.449,215,11.277,87,-1,0
23.75091,8.587,30.387,217,11.287,86,-1,0
23.77191,8.361,29.183,203,11.298,85,-1,0
23.79291,8.587,29.833,213,11.308,84,-1,0
23.81391,8.813,29.833,219,11.318,85,-1,0
23.83491,8.474,29.653,209,11.329,85,-1,0
23.85591,9.152,30.077,229,11.339,85,-1,0
23.87691,8.474,29.894,211,11.35,85,-1,0
23.89791,8.7,30.138,218,11.36,86,-1,0
23.91891,8.813,29.894,219,11.371,85,-1,0
23.93991,8.587,29.833,213,11.381,85,-1,0
23.96091,9.491,30.512,241,11.392,87,-1,0
23.98191,8.474,30.449,215,11.402,87,-1,0
24.00291,8.7,30.2,219,11.413,86,-1,0
24.02391,8.926,29.894,222,11.423,86,-1,0
24.04491,8.135,29.773,202,11.434,85,-1,0
24.06591,9.152,29.653,226,11.444,84,-1,0
24.08691,7.796,29.416,191,11.455,84,-1,0
24.10791,9.152,29.833,227,11.465,84,-1,0
24.12891,7.909,29.475,194,11.474,84,-1,0
24.14991,8.7,28.897,209,11.484,83,-1,0
24.17091,8.022,29.416,196,11.495,83,-1,0
24.19191,8.813,29.125,214,11.505,83,-1,0
24.21291,7.909,29.011,191,11.516,82,-1,0
24.23391,8.813,28.672,210,11.526,82,-1,0
24.25491,7.683,28.841,185,11.536,82,-1,0
24.27591,8.7,28.897,209,11.545,82,-1,0
24.29691,8.022,28.506,190,11.555,81,-1,0
24.31791,8.474,28.506,201,11.566,81,-1,0
24.33891,8.587,28.954,207,11.576,82,-1,0
24.35991,8.474,29.299,207,11.587,83,-1,0
24.38091,8.474,28.897,204,11.595,83,-1,0
24.40191,9.152,30.015,229,11.606,84,-1,0
24.4229,8.474,29.833,211,11.616,86,-1,0
24.4439,8.926,29.773,221,11.627,85,-1,0
24.4649,8.361,29.653,206,11.637,85,-1,0
24.4859,9.152,29.894,228,11.648,85,-1,0
24.5069,8.135,29.833,202,11.658,85,-1,0
24.5279,8.813,29.416,216,11.669,84,-1,0
24.5489,8.474,29.894,211,11.679,84,-1,0
24.5699,8.474,29.183,206,11.69,84,-1,0
24.5909,8.587,29.241,209,11.7,83,-1,0
24.6119,8.474,29.653,209,11.71,84,-1,0
24.6329,8.474,29.183,206,11.721,83,-1,0
24.6539,8.587,29.534,211,11.731,83,-1,0
24.6749,8.361,29.011,202,11.742,83,-1,0
24.6959,8.135,28.954,196,11.75,82,-1,0
24.7169,8.474,29.068,205,11.761,82,-1,0
24.7379,8.474,28.672,202,11.771,82,-1,0
24.7589,7.683,28.728,184,11.782,82,-1,0
24.7799,8.813,28.897,212,11.792,82,-1,0
24.8009,8.248,29.241,201,11.803,83,-1,0
24.8219,9.039,29.358,221,11.813,83,-1,0
24.8429,8.022,29.593,198,11.822,84,-1,0
24.8639,8.813,29.183,214,11.832,83,-1,0
24.8849,8.474,29.299,207,11.843,83,-1,0
24.9059,9.152,29.416,224,11.853,84,-1,0
24.9269,8.135,29.534,200,11.863,84,-1,0
24.9479,9.152,30.015,229,11.874,85,-1,0
24.9689,8.926,29.894,222,11.884,85,-1,0
24.9899,8.474,30.138,213,11.895,85,-1,0
25.0109,9.378,29.653,232,11.905,85,-1,0
25.0319,8.474,30.387,214,11.916,86,-1,0
25.0529,8.813,29.773,218,11.926,85,-1,0
25.0739,8.587,30.015,215,11.937,85,-1,0
25.0949,8.813,29.833,219,11.947,85,-1,0
25.1159,9.152,30.138,230,11.958,86,-1,0
25.1369,8.135,29.894,202,11.968,85,-1,0
25.1579,9.152,29.653,226,11.979,85,-1,0
25.1789,9.039,30.387,229,11.989,86,-1,0
25.1999,8.813,30.387,223,12,87,-1,0
25.2209,9.152,30.324,231,12.01,87,-1,0
25.2419,8.474,30.324,214,12.021,86,-1,0
25.2629,9.039,30.512,230,12.031,87,-1,0
25.2839,9.378,30.576,239,12.044,87,-1,0
25.3049,8.587,30.387,217,12.054,87,-1,0
25.3259,9.604,30.896,247,12.065,87,-1,0
25.3469,8.813,30.703,225,12.075,88,-1,0
25.3679,7.909,29.475,194,12.086,86,-1,0
25.3889,9.152,30.512,233,12.096,85,-1,0
25.4099,8.813,29.894,219,12.107,86,-1,0
25.4309,8.361,29.954,209,12.117,85,-1,0
25.4519,9.152,29.773,227,12.128,85,-1,0
25.4729,8.474,30.324,214,12.138,86,-1,0
25.4939,9.378,30.576,239,12.149,87,-1,0
25.5149,8.926,30.639,228,12.159,87,-1,0
25.5359,8.474,30.449,215,12.17,86,-1,0
25.5569,9.491,30.077,238,12.18,86,-1,0
25.5779,8.587,30.449,218,12.19,86,-1,0
25.5989,9.039,30.449,229,12.201,86,-1,0
25.6199,9.265,30.703,237,12.214,87,-1,0
25.6409,8.7,30.262,219,12.224,87,-1,0
25.6619,8.813,30.576,224,12.234,86,-1,0
25.6829,9.152,30.015,229,12.245,86,-1,0
25.7039,8.474,30.512,215,12.255,86,-1,0
25.7249,9.152,30.767,234,12.266,87,-1,0
25.7459,9.039,30.387,229,12.276,87,-1,0
25.7669,8.474,30.703,217,12.287,87,-1,0
25.7879,9.378,30.015,234,12.297,86,-1,0
25.8089,9.152,30.703,234,12.308,87,-1,0
25.8299,8.361,30.138,210,12.318,86,-1,0
25.8509,9.378,30.449,238,12.329,87,-1,0
25.8719,8.813,30.639,225,12.341,87,-1,0
25.8929,8.7,30.512,221,12.352,87,-1,0
25.9139,9.717,30.961,251,12.362,88,-1,0
25.9349,9.039,30.767,232,12.373,88,-1,0
25.9559,8.474,31.092,219,12.383,88,-1,0
25.9769,9.265,30.262,233,12.394,87,-1,0
25.9979,9.152,30.639,233,12.404,87,-1,0
26.0189,8.587,30.639,219,12.415,87,-1,0
26.0399,9.265,30.832,238,12.427,87,-1,0
26.0609,9.265,30.576,236,12.438,88,-1,0
26.0819,8.474,31.026,219,12.448,88,-1,0
26.1029,9.378,30.576,239,12.459,87,-1,0
26.1239,9.152,30.896,235,12.469,88,-1,0
26.1449,8.813,30.896,227,12.48,87,-1,0
26.1659,9.039,30.576,230,12.49,88,-1,0
26.1869,9.152,30.767,234,12.503,88,-1,0
26.2079,8.135,30.262,205,12.513,87,-1,0
26.2289,9.265,30.576,236,12.524,86,-1,0
26.2499,9.604,30.896,247,12.534,88,-1,0
26.2709,8.813,31.356,230,12.545,88,-1,0
26.2919,9.152,31.29,238,12.555,89,-1,0
26.3129,9.378,31.224,244,12.568,89,-1,0
26.3339,9.491,31.423,248,12.578,89,-1,0
26.3549,8.813,31.158,229,12.589,89,-1,0
26.3759,8.7,30.832,223,12.599,88,-1,0
26.3969,9.152,30.138,230,12.61,87,-1,0
26.4179,8.7,30.576,222,12.62,87,-1,0
26.4389,9.039,30.576,230,12.631,88,-1,0
26.4599,9.717,31.356,254,12.643,88,-1,0
26.4809,9.152,31.356,239,12.654,89,-1,0
26.5019,8.248,30.832,212,12.664,88,-1,0
26.5229,9.491,30.767,243,12.675,87,-1,0
26.5439,9.378,31.423,245,12.685,88,-1,0
26.5649,8.361,30.512,212,12.696,87,-1,0
26.5859,8.813,30.512,224,12.708,87,-1,0
26.6069,8.813,29.833,219,12.719,86,-1,0
26.6279,8.587,30.512,218,12.729,86,-1,0
26.6489,8.135,29.894,202,12.74,86,-1,0
26.6699,7.683,27.495,176,12.748,86,-1,0
26.6909,8.474,28.728,203,12.759,89,-1,0
26.71189,9.491,29.833,236,12.769,94,-1,0
26.73289,8.813,30.512,224,12.779,96,-1,0
26.75389,8.474,29.773,210,12.79,94,-1,0
26.77489,8.813,29.653,218,12.8,94,-1,0
26.79589,8.813,29.653,218,12.811,94,-1,0
26.81689,8.813,30.138,221,12.821,95,-1,0
26.83789,7.118,29.593,175,12.832,90,-1,0
26.85889,9.943,29.183,242,12.842,87,-1,0
26.87989,8.813,30.138,221,12.853,85,-1,0
26.90089,9.152,30.138,230,12.863,86,-1,0
26.92189,8.361,30.138,210,12.874,85,-1,0
26.94289,9.152,29.653,226,12.884,85,-1,0
26.96389,8.474,30.262,214,12.895,85,-1,0
26.98489,8.813,30.324,223,12.905,86,-1,0
27.00589,9.83,30.896,253,12.916,88,-1,0
27.02689,9.039,31.29,236,12.926,88,-1,0
27.04789,8.474,30.387,214,12.939,87,-1,0
27.06889,9.491,30.449,241,12.949,87,-1,0
27.08989,9.152,30.576,233,12.96,87,-1,0
27.11089,8.813,30.896,227,12.97,88,-1,0
27.13189,9.378,30.639,239,12.981,88,-1,0
27.15289,8.813,30.703,225,12.991,87,-1,0
27.17389,8.7,30.639,222,13.002,87,-1,0
27.19489,9.491,30.576,242,13.012,87,-1,0
27.21589,8.926,31.092,231,13.025,88,-1,0
27.23689,8.474,30.639,216,13.035,88,-1,0
27.25789,9.378,30.832,241,13.046,87,-1,0
27.27889,9.265,30.832,238,13.056,88,-1,0
27.29989,8.587,31.158,223,13.067,88,-1,0
27.32089,9.152,30.387,232,13.077,88,-1,0
27.34189,9.491,31.092,246,13.088,88,-1,0
27.36289,8.7,30.832,223,13.1,88,-1,0
27.38389,8.926,31.158,232,13.111,88,-1,0
27.40489,9.491,30.896,244,13.121,88,-1,0
27.42589,9.152,31.558,240,13.132,89,-1,0
27.44689,9.152,31.356,239,13.142,89,-1,0
27.46789,9.265,31.694,245,13.155,90,-1,0
27.48889,9.604,31.423,251,13.165,89,-1,0
27.50989,9.491,31.423,248,13.176,89,-1,0
27.53089,8.926,31.558,235,13.186,89,-1,0
27.55189,8.813,31.356,230,13.199,89,-1,0
27.57289,9.378,31.224,244,13.209,89,-1,0
27.59389,9.491,31.29,247,13.22,89,-1,0
27.61489,8.7,31.356,227,13.23,88,-1,0
27.63589,8.587,30.2,216,13.241,87,-1,0
27.65689,9.265,30.449,235,13.253,86,-1,0
27.67789,9.039,30.961,233,13.264,88,-1,0
27.69889,8.926,31.29,233,13.274,88,-1,0
27.71989,9.378,30.896,241,13.285,88,-1,0
27.74089,9.378,31.224,244,13.295,88,-1,0
27.76189,9.152,31.356,239,13.308,89,-1,0
27.78289,8.813,31.626,232,13.318,89,-1,0
27.80389,9.491,30.767,243,13.329,88,-1,0
27.82489,8.813,30.703,225,13.339,88,-1,0
27.84589,8.474,30.896,218,13.35,88,-1,0
27.86689,9.152,30.2,230,13.36,87,-1,0
27.88789,9.491,31.29,247,13.373,88,-1,0
27.90889,8.7,31.092,225,13.383,89,-1,0
27.92989,9.491,31.29,247,13.394,89,-1,0
27.95089,9.717,31.762,257,13.404,90,-1,0
27.97189,9.152,31.626,241,13.417,90,-1,0
27.99289,8.926,31.092,231,13.427,89,-1,0
28.01389,8.7,31.224,226,13.438,89,-1,0
28.03489,9.491,30.512,241,13.448,88,-1,0
28.05589,8.926,31.158,232,13.459,88,-1,0
28.07689,8.248,30.138,207,13.469,86,-1,0
28.09789,9.265,30.077,232,13.48,86,-1,0
28.11889,8.474,30.324,214,13.49,86,-1,0
28.13989,9.152,30.512,233,13.501,87,-1,0
28.16089,8.813,30.512,224,13.511,87,-1,0
28.18189,8.474,29.894,211,13.524,86,-1,0
28.20289,9.378,30.324,237,13.534,86,-1,0
28.22389,8.926,30.2,224,13.545,86,-1,0
28.24489,8.926,31.026,231,13.555,87,-1,0
28.26589,9.378,30.832,241,13.566,88,-1,0
28.28689,9.152,30.767,234,13.576,88,-1,0
28.30789,9.265,31.29,241,13.586,89,-1,0
28.32889,9.265,31.626,244,13.599,89,-1,0
28.34989,9.491,30.961,245,13.61,89,-1,0
28.37089,8.361,30.512,212,13.62,88,-1,0
28.39189,8.926,30.703,228,13.63,87,-1,0
28.41289,9.83,31.158,255,13.641,88,-1,0
28.43389,9.152,31.558,240,13.651,89,-1,0
28.45489,9.039,30.961,233,13.664,88,-1,0
28.47589,9.152,31.558,240,13.674,89,-1,0
28.49689,8.7,30.387,220,13.685,88,-1,0
28.51789,7.683,29.299,187,13.695,84,-1,0
28.53889,9.604,30.138,241,13.706,84,-1,0
28.55989,8.7,30.961,224,13.716,88,-1,0
28.58089,8.813,30.703,225,13.727,87,-1,0
28.60189,9.604,30.961,248,13.737,88,-1,0
28.62289,9.378,31.29,244,13.75,89,-1,0
28.64389,8.135,29.773,202,13.76,84,-1,0
28.66489,10.621,31.423,278,13.771,79,-1,0
28.68589,11.411,33.118,315,13.781,84,-1,0
28.70689,11.411,33.957,323,13.794,86,-1,0
28.72789,11.298,35.173,331,13.807,88,-1,0
28.74889,11.298,35.684,336,13.819,90,-1,0
28.76989,11.637,36.121,350,13.832,91,-1,0
28.79089,11.75,36.21,354,13.844,93,-1,0
28.81189,11.976,36.569,365,13.857,93,-1,0
28.83289,11.863,36.66,362,13.869,94,-1,0
28.85389,11.976,36.844,367,13.882,94,-1,0
28.87489,11.637,36.844,357,13.897,94,-1,0
28.89589,11.411,36.299,345,13.909,93,-1,0
28.91689,11.637,36.033,349,13.922,93,-1,0
28.93789,11.637,36.66,355,13.934,93,-1,0
28.95889,11.637,36.569,354,13.947,93,-1,0
28.97989,12.315,37.31,383,13.96,95,-1,0
29.00089,12.315,37.692,387,13.972,96,-1,0
29.02188,12.541,37.983,397,13.987,98,-1,0
29.04288,12.428,38.681,400,13.999,98,-1,0
29.06388,12.767,38.783,412,14.014,99,-1,0
29.08488,12.767,39.617,421,14.027,100,-1,0
29.10588,13.106,40.377,441,14.041,102,-1,0
29.12688,13.671,40.157,457,14.056,103,-1,0
29.14788,12.88,40.824,438,14.071,103,-1,0
29.16888,12.88,40.599,435,14.083,103,-1,0
29.18988,13.445,39.939,447,14.098,102,-1,0
29.21088,12.993,40.488,438,14.113,102,-1,0
29.23188,12.654,40.157,423,14.125,102,-1,0
29.25288,13.219,39.939,440,14.14,102,-1,0
29.27388,13.106,39.939,436,14.154,102,-1,0
29.29488,12.767,40.377,429,14.169,103,-1,0
29.31588,13.219,40.824,449,14.182,103,-1,0
29.33688,13.445,40.488,453,14.196,103,-1,0
29.35788,13.897,42.107,487,14.211,106,-1,0
29.37888,14.575,42.594,517,14.226,109,-1,0
29.39988,14.575,43.993,534,14.243,111,-1,0
29.42088,13.671,43.473,495,14.257,111,-1,0
29.44188,14.462,43.218,520,14.272,111,-1,0
29.46288,14.01,43.218,504,14.287,109,-1,0
29.48388,13.897,42.471,491,14.301,109,-1,0
29.50488,14.801,43.218,533,14.318,109,-1,0
29.52588,13.897,42.966,497,14.333,109,-1,0
29.54688,14.575,43.602,529,14.347,111,-1,0
29.56788,14.801,43.862,541,14.362,111,-1,0
29.58888,12.993,42.594,461,14.377,109,-1,0
29.60988,14.462,42.107,507,14.391,108,-1,0
29.63088,13.784,42.471,487,14.408,108,-1,0
29.65188,14.575,42.842,520,14.423,109,-1,0
29.67288,14.801,43.473,536,14.437,111,-1,0
29.69388,13.897,43.731,506,14.452,111,-1,0
29.71488,13.219,41.868,461,14.467,109,-1,0
29.73588,5.197,34.273,148,14.479,98,-1,0
29.75688,6.214,25.192,130,14.488,83,-1,0
29.77788,6.327,24.852,131,14.496,77,-1,0
29.79888,5.988,22.363,112,14.505,77,-1,0
29.81988,6.666,22.5,125,14.511,75,-1,0
29.84088,8.135,24.081,163,14.521,76,-1,0
29.86188,6.553,23.886,130,14.53,76,-1,0
29.88288,6.892,23.77,136,14.538,75,-1,0
29.90388,6.892,24.44,140,14.546,75,-1,0
29.92488,7.457,24.686,153,14.555,78,-1,0
29.94588,7.005,24.4,142,14.563,78,-1,0
29.96688,6.327,23.656,125,14.572,75,-1,0
29.98788,7.231,23.925,144,14.58,75,-1,0
30.00888,5.875,23.58,115,14.588,75,-1,0
30.02988,7.683,23.732,152,14.597,75,-1,0
30.05088,6.666,24.44,136,14.605,75,-1,0
30.07188,6.327,23.732,125,14.614,75,-1,0
30.09288,6.779,23.245,131,14.622,74,-1,0
30.11388,5.988,23.172,116,14.628,72,-1,0
30.13488,7.005,22.708,132,14.637,72,-1,0
30.15588,6.666,23.58,131,14.645,73,-1,0
30.17688,6.44,23.136,124,14.653,74,-1,0
30.19788,6.553,23.209,127,14.662,72,-1,0
30.21888,6.327,22.884,121,14.67,72,-1,0
30.23988,6.44,22.432,120,14.678,71,-1,0
30.26088,7.005,22.991,134,14.685,72,-1,0
30.28188,6.553,23.027,126,14.693,72,-1,0
30.30288,6.327,23.027,121,14.702,72,-1,0
30.32388,7.005,23.809,139,14.71,73,-1,0
30.34488,7.005,23.847,139,14.718,75,-1,0
30.36588,7.118,23.809,141,14.727,75,-1,0
30.38688,7.005,23.77,139,14.735,75,-1,0
30.40788,6.892,24.12,138,14.743,75,-1,0
30.42888,6.101,23.542,120,14.752,75,-1,0
30.44988,7.005,23.618,138,14.76,74,-1,0
30.47088,5.762,23.809,114,14.769,75,-1,0
30.49188,5.762,22.128,106,14.777,71,-1,0
30.51288,6.666,21.673,120,14.783,69,-1,0
30.53388,6.553,23.282,127,14.792,71,-1,0
30.55488,5.875,22.162,108,14.8,72,-1,0
30.57588,7.005,22.638,132,14.808,70,-1,0
30.59688,6.779,22.708,128,14.815,71,-1,0
30.61788,6.892,23.172,133,14.823,72,-1,0
30.63888,6.666,23.542,131,14.831,73,-1,0
30.65988,6.666,23.209,129,14.84,73,-1,0
30.68088,6.779,23.136,131,14.848,73,-1,0
30.70188,6.327,22.92,121,14.857,72,-1,0
30.72288,6.892,22.813,131,14.865,72,-1,0
30.74388,6.44,23.356,125,14.871,72,-1,0
30.76488,6.44,22.743,122,14.88,72,-1,0
30.78588,5.875,22.095,108,14.888,70,-1,0
30.80688,6.779,22.296,126,14.896,70,-1,0
30.82788,6.101,22.884,116,14.903,71,-1,0
30.84888,6.327,22.534,119,14.911,71,-1,0
30.86988,6.327,22.673,119,14.92,71,-1,0
30.89088,5.536,21.833,101,14.928,70,-1,0
30.91188,6.327,21.673,114,14.934,68,-1,0
30.93288,6.327,21.801,115,14.943,68,-1,0
30.95388,6.666,22.029,122,14.951,69,-1,0
30.97488,6.666,22.778,126,14.957,70,-1,0
30.99588,6.214,22.673,117,14.966,71,-1,0
31.01688,6.327,22.195,117,14.974,70,-1,0
31.03788,5.988,21.866,109,14.982,70,-1,0
31.05888,6.327,21.705,114,14.989,68,-1,0
31.07988,5.988,21.737,108,14.997,68,-1,0
31.10088,6.101,21.769,111,15.003,68,-1,0
31.12188,5.875,21.546,105,15.012,68,-1,0
31.14288,5.649,21.452,101,15.02,68,-1,0
31.16388,7.57,21.996,139,15.026,68,-1,0
31.18488,6.44,23.027,123,15.035,72,-1,0
31.20588,6.666,22.956,127,15.043,72,-1,0
31.22688,6.327,22.743,120,15.052,72,-1,0
31.24788,6.327,22.397,118,15.06,71,-1,0
31.26888,6.666,22.638,126,15.066,71,-1,0
31.28988,6.214,22.604,117,15.075,71,-1,0
31.31087,6.101,22.363,114,15.083,70,-1,0
31.33187,6.327,22.062,116,15.091,70,-1,0
31.35287,7.231,22.778,137,15.098,71,-1,0
31.37387,6.892,23.282,134,15.106,72,-1,0
31.39487,6.44,23.43,126,15.114,73,-1,0
31.41587,6.666,23.172,129,15.123,73,-1,0
31.43687,5.649,22.743,107,15.131,72,-1,0
31.45787,6.44,21.898,117,15.137,70,-1,0
31.47887,6.101,22.095,112,15.146,69,-1,0
31.49987,6.327,21.866,115,15.154,69,-1,0
31.52087,6.101,21.673,110,15.161,69,-1,0
31.54187,6.44,21.546,116,15.169,68,-1,0
31.56287,5.536,21.609,100,15.177,68,-1,0
31.58387,4.18,20.904,73,15.184,65,-1,0
31.60487,0.226,15.481,3,15.19,65,-1,0
31.62587,0.113,10.949,1,15.192,65,-1,0
31.64687,0,8.669,0,15.194,-1,-1,0
31.66787,6.101,7.41,38,15.198,-1,-1,0
31.68887,5.649,13.241,62,15.202,-1,-1,0
31.70987,4.519,16.881,64,15.209,-1,-1,0
31.73087,3.841,17.057,55,15.215,55,-1,0
31.75187,3.954,16.578,55,15.221,54,-1,0
31.77287,4.18,16.747,58,15.226,52,-1,0
31.79387,5.084,16.634,70,15.232,53,-1,0
31.81487,5.084,17.692,75,15.238,54,-1,0
31.83587,4.745,18.538,73,15.244,56,-1,0
31.85687,5.988,18.992,95,15.253,58,-1,0
31.87787,6.101,20.469,104,15.259,62,-1,0
31.89887,3.616,19.65,59,15.265,63,-1,0
31.91987,5.762,18.822,90,15.272,61,-1,0
31.94087,2.034,18.894,32,15.278,60,-1,0
31.96187,0,14.364,0,15.282,46,-1,0
31.98287,0,9.683,0,15.286,46,-1,0
32.00387,0,6.205,0,15.288,46,-1,0
32.02487,0,6.205,0,15.288,-1,-1,0
32.04587,0,6.205,0,15.291,-1,-1,0
32.06687,1.243,6.205,6,15.291,-1,-1,0
32.08787,1.13,0,-1,15.291,-1,-1,0
32.10887,0,0,-1,15.291,-1,-1,0
32.12987,0,0,-1,15.291,-1,-1,0
